{"cameraMode":{"drawMode":0,"name":"Shaded","section":"Shading Mode"},"sceneLighting":true,"audioPlay":false,"sceneViewState":{"m_AlwaysRefresh":false,"showFog":true,"showSkybox":true,"showFlares":true,"showImageEffects":true,"showParticleSystems":true,"showVisualEffectGraphs":true,"m_FxEnabled":true},"in2DMode":false,"pivot":{"x":31.653926849365236,"y":-56.84635543823242,"z":107.86920166015625},"rotation":{"x":0.23847265541553498,"y":0.13783076405525208,"z":-0.03420943021774292,"w":0.9607033133506775},"size":65.45832824707031,"orthographic":false}